{
    "input_stats": {
        "image": {
            "band_names": [
                "red",
                "green",
                "blue"
            ],
            "normalization_mode": "satmae",
            "mean": [
                112.95730590820312,
                106.83270263671875,
                98.37828063964844
            ],
            "std": [
                40.5964469909668,
                36.1910514831543,
                34.22377014160156
            ],
            "var": [
                1648.0714111328125,
                1309.792236328125,
                1171.2664794921875
            ],
            "min": [
                0.0,
                0.0,
                0.0
            ],
            "max": [
                255.0,
                255.0,
                255.0
            ],
            "count": 1040.0,
            "histograms": [
                [
                    146096.0,
                    179523.0,
                    156210.0,
                    315580.0,
                    282770.0,
                    520676.0,
                    421657.0,
                    790485.0,
                    621810.0,
                    1010250.0,
                    1067135.0,
                    765834.0,
                    1206470.0,
                    948997.0,
                    1813255.0,
                    1344063.0,
                    2426025.0,
                    1930554.0,
                    2831354.0,
                    1926455.0,
                    3098525.0,
                    3392646.0,
                    2417123.0,
                    3718127.0,
                    2619844.0,
                    3979116.0,
                    2695782.0,
                    4208788.0,
                    2733879.0,
                    4601994.0,
                    5290908.0,
                    3483831.0,
                    5547974.0,
                    3875728.0,
                    5881865.0,
                    3800760.0,
                    5592895.0,
                    3839636.0,
                    5782396.0,
                    3870725.0,
                    5964147.0,
                    6171618.0,
                    4195389.0,
                    7094013.0,
                    4810621.0,
                    7965717.0,
                    5555328.0,
                    8644724.0,
                    5980382.0,
                    8361316.0,
                    8367062.0,
                    6172254.0,
                    8185641.0,
                    5423999.0,
                    7814371.0,
                    4738228.0,
                    7671923.0,
                    4563436.0,
                    6538276.0,
                    3995348.0,
                    5748325.0,
                    5060958.0,
                    3119699.0,
                    4455067.0,
                    2809113.0,
                    3480435.0,
                    2192611.0,
                    3027888.0,
                    1547123.0,
                    2195535.0,
                    1827702.0,
                    849497.0,
                    1135241.0,
                    641801.0,
                    734135.0,
                    400489.0,
                    509670.0,
                    278178.0,
                    341364.0,
                    201341.0,
                    263409.0,
                    211003.0,
                    131561.0,
                    172439.0,
                    96650.0,
                    144882.0,
                    98601.0,
                    148927.0,
                    100213.0,
                    155231.0,
                    160658.0,
                    110530.0,
                    172827.0,
                    113955.0,
                    149123.0,
                    81107.0,
                    96348.0,
                    52585.0,
                    77761.0,
                    184244.0
                ],
                [
                    87534.0,
                    70880.0,
                    60799.0,
                    123869.0,
                    110762.0,
                    224598.0,
                    198190.0,
                    388073.0,
                    328455.0,
                    613364.0,
                    778150.0,
                    623646.0,
                    1113657.0,
                    875799.0,
                    1546358.0,
                    1197691.0,
                    2166874.0,
                    1700495.0,
                    2922709.0,
                    2160949.0,
                    3497086.0,
                    3724867.0,
                    2567773.0,
                    4096007.0,
                    2902011.0,
                    4491663.0,
                    3092380.0,
                    4833033.0,
                    3397149.0,
                    5439614.0,
                    6057225.0,
                    4434116.0,
                    7043057.0,
                    4918140.0,
                    7667556.0,
                    5185082.0,
                    8040607.0,
                    5494968.0,
                    8471910.0,
                    5819495.0,
                    8812525.0,
                    9000851.0,
                    6085132.0,
                    9222586.0,
                    6344740.0,
                    9435677.0,
                    5944525.0,
                    8743955.0,
                    5501086.0,
                    7990565.0,
                    7639557.0,
                    4750526.0,
                    6886004.0,
                    4388529.0,
                    6331499.0,
                    4071201.0,
                    5671188.0,
                    3589477.0,
                    4935622.0,
                    2972485.0,
                    4100054.0,
                    3634164.0,
                    2114168.0,
                    2833726.0,
                    1725412.0,
                    2276610.0,
                    1159936.0,
                    1285152.0,
                    680869.0,
                    824755.0,
                    643880.0,
                    357029.0,
                    446099.0,
                    247961.0,
                    321892.0,
                    187210.0,
                    243687.0,
                    142539.0,
                    191082.0,
                    114004.0,
                    154484.0,
                    138551.0,
                    86318.0,
                    118217.0,
                    75193.0,
                    114043.0,
                    82552.0,
                    133875.0,
                    94175.0,
                    145487.0,
                    151352.0,
                    105859.0,
                    165976.0,
                    110328.0,
                    144710.0,
                    78881.0,
                    94384.0,
                    52671.0,
                    78886.0,
                    189268.0
                ],
                [
                    46635.0,
                    43103.0,
                    38604.0,
                    88064.0,
                    82568.0,
                    168766.0,
                    157055.0,
                    332390.0,
                    299480.0,
                    597979.0,
                    823354.0,
                    687681.0,
                    1311187.0,
                    1175788.0,
                    2307980.0,
                    1710477.0,
                    3177963.0,
                    2508839.0,
                    3714572.0,
                    2554095.0,
                    4028767.0,
                    4347431.0,
                    3023527.0,
                    4764377.0,
                    3440484.0,
                    5582547.0,
                    4142659.0,
                    6950568.0,
                    4681354.0,
                    7894850.0,
