{
    "input_stats": {
        "image": {
            "band_names": [
                "red",
                "green",
                "blue"
            ],
            "normalization_mode": "satmae",
            "mean": [
                68.2818603515625,
                83.65269470214844,
                35.07068634033203
            ],
            "std": [
                46.94253921508789,
                50.42262649536133,
                30.031187057495117
            ],
            "var": [
                2203.60205078125,
                2542.441162109375,
                901.8721923828125
            ],
            "min": [
                0.0,
                0.0,
                0.0
            ],
            "max": [
                255.0,
                255.0,
                255.0
            ],
            "count": 4416.0,
            "histograms": [
                [
                    10579035.0,
                    13460126.0,
                    15617731.0,
                    29880028.0,
                    21542756.0,
                    33348632.0,
                    22924880.0,
                    35275540.0,
                    23911194.0,
                    36044656.0,
                    35958432.0,
                    23810472.0,
                    35158692.0,
                    22851464.0,
                    32983624.0,
                    20971116.0,
                    29854144.0,
                    18912434.0,
                    27122244.0,
                    17395468.0,
                    25316180.0,
                    24585840.0,
                    16076929.0,
                    23730242.0,
                    15597758.0,
                    23095752.0,
                    15198542.0,
                    22519232.0,
                    14825625.0,
                    21958788.0,
                    21598024.0,
                    14188747.0,
                    20959840.0,
                    13747690.0,
                    20260254.0,
                    13265568.0,
                    19488556.0,
                    12726358.0,
                    18661792.0,
                    12145814.0,
                    17745140.0,
                    17181208.0,
                    11125909.0,
                    16177378.0,
                    10436570.0,
                    15116874.0,
                    9715655.0,
                    13999646.0,
                    8945262.0,
                    12845383.0,
                    12140695.0,
                    7702330.0,
                    10982461.0,
                    6938186.0,
                    9852569.0,
                    6199256.0,
                    8767480.0,
                    5502902.0,
                    7746588.0,
                    4837289.0,
                    6787270.0,
                    6253119.0,
                    3879751.0,
                    5417318.0,
                    3351722.0,
                    4661203.0,
                    2877709.0,
                    3984072.0,
                    2447871.0,
                    3375348.0,
                    3036055.0,
                    1849077.0,
                    2515721.0,
                    1516502.0,
                    2044561.0,
                    1218513.0,
                    1621186.0,
                    953797.0,
                    1251660.0,
                    726890.0,
                    944154.0,
                    786804.0,
                    447602.0,
                    572381.0,
                    325637.0,
                    415468.0,
                    235261.0,
                    302040.0,
                    171842.0,
                    222550.0,
                    187485.0,
                    109850.0,
                    147006.0,
                    88490.0,
                    123843.0,
                    77775.0,
                    113505.0,
                    76426.0,
                    115402.0,
                    886061.0
                ],
                [
                    4286760.0,
                    4448976.0,
                    5605451.0,
                    14415306.0,
                    13391640.0,
                    22830264.0,
                    15973185.0,
                    24968116.0,
                    17264562.0,
                    26674500.0,
                    27163712.0,
                    18070732.0,
                    26832508.0,
                    17746002.0,
                    26543344.0,
                    17691476.0,
                    26472318.0,
                    17560620.0,
                    26074862.0,
                    17086806.0,
                    25050362.0,
                    24255668.0,
                    15729263.0,
                    23013440.0,
                    14998830.0,
                    22117128.0,
                    14545317.0,
                    21606124.0,
                    14303758.0,
                    21368504.0,
                    21317460.0,
                    14203827.0,
                    21310594.0,
                    14215394.0,
                    21330872.0,
                    14210965.0,
                    21284844.0,
                    14143653.0,
                    21117972.0,
                    13981101.0,
                    20783206.0,
                    20501910.0,
                    13483438.0,
                    19918560.0,
                    13051221.0,
                    19225216.0,
                    12564324.0,
                    18460686.0,
                    12020416.0,
                    17592456.0,
                    17041004.0,
                    11033473.0,
                    16047771.0,
                    10328533.0,
                    14942745.0,
                    9570262.0,
                    13756903.0,
                    8773645.0,
                    12535754.0,
                    7956698.0,
                    11323519.0,
                    10605526.0,
                    6678435.0,
                    9453460.0,
                    5916833.0,
                    8329321.0,
                    5196802.0,
                    7273103.0,
                    4507727.0,
                    6280705.0,
                    5723758.0,
                    3526099.0,
                    4870835.0,
                    2980440.0,
                    4102814.0,
                    2496945.0,
                    3409202.0,
                    2060078.0,
                    2788324.0,
                    1666652.0,
                    2225732.0,
                    1923095.0,
                    1121083.0,
                    1458908.0,
                    835452.0,
                    1066445.0,
                    598490.0,
                    751578.0,
                    414235.0,
                    511762.0,
                    404275.0,
                    222270.0,
                    276802.0,
                    154376.0,
                    198107.0,
                    115604.0,
                    157842.0,
                    99720.0,
                    151871.0,
                    955252.0
                ],
                [
                    37839144.0,
                    43629180.0,
                    41413944.0,
                    72591464.0,
                    51219572.0,
                    78248072.0,
                    51685336.0,
                    74589544.0,
                    46824072.0,
                    64841956.0,
                    57914488.0,
                    34892280.0,
                    47266592.0,
                    28579748.0,
                    39145496.0,
                    23953336.0,
                    33147590.0,
                    20451052.0,
                    28457336.0,
                    17593912.0,
                    24506916.0,
                    22390090.0,
                    13840358.0,
